titulo,url_materia,data_coleta
"EXAME - Negócios, Economia, Tecnologia e Carreira",https://exame.com/,2026-09-16 00:57:54
De avanços a contradições: o que os países do BRICS ensinam diante da crise climática,https://exame.com/esg/de-avancos-a-contradicoes-o-que-os-paises-do-brics-ensinam-diante-da-crise-climatica/,2026-09-16 00:57:54
China estabelece meta para veículos de nova energia chegarem a 70% das vendas de carros até 2030,https://exame.com/esg/china-estabelece-meta-para-veiculos-de-nova-energia-chegarem-a-70-das-vendas-de-carros-ate-2030/,2026-09-16 00:57:54
99 integra mais de 150 estações de recarga elétrica no Rio e oferece até 20% de desconto,https://exame.com/esg/99-integra-mais-de-150-estacoes-de-recarga-eletrica-no-rio-e-oferece-ate-20-de-desconto/,2026-09-16 00:57:54
Seu CEP é de risco? Plataforma gratuita mostra exposição de imóveis a eventos climáticos extremos,https://exame.com/esg/seu-cep-e-de-risco-plataforma-gratuita-mostra-exposicao-de-imoveis-a-eventos-climaticos-extremos/,2026-09-16 00:57:54
"Entre a crise climática e os combustíveis fósseis, um novo roteiro",https://exame.com/esg/entre-a-crise-climatica-e-os-combustiveis-fosseis-um-novo-roteiro/,2026-09-16 00:57:54
Resiliência: a nova fronteira da agenda climática,https://exame.com/esg/resiliencia-a-nova-fronteira-da-agenda-climatica/,2026-09-16 00:57:54
"Após a quarta volta ao mundo, família Schurmann lança fundo que mira US$ 6,3 milhões para o oceano",https://exame.com/esg/apos-a-quarta-volta-ao-mundo-familia-schurmann-lanca-fundo-que-mira-us-63-milhoes-para-o-oceano/,2026-09-16 00:57:54
Comgás cria novo modelo regulado para venda direta de biometano em São Paulo,https://exame.com/esg/comgas-cria-novo-modelo-regulado-para-venda-direta-de-biometano-em-sao-paulo/,2026-09-16 00:57:54
Empresas pedem que Brasil acelere agenda de adaptação diante dos riscos do El Niño,https://exame.com/esg/empresas-pedem-que-brasil-acelere-agenda-de-adaptacao-diante-dos-riscos-do-el-nino/,2026-09-16 00:57:54
Desigualdade climática: abismo de 15ºC separa Morumbi e Paraisópolis no verão em São Paulo,https://exame.com/esg/desigualdade-climatica-abismo-de-15oc-separa-morumbi-e-paraisopolis-no-verao-em-sao-paulo/,2026-09-16 00:57:54
Acordo entre consultoria brasileira e Banco Mundial mira financiamento de baterias na América Latina,https://exame.com/esg/acordo-entre-consultoria-brasileira-e-banco-mundial-mira-financiamento-de-baterias-na-america-latina/,2026-09-16 00:57:54
Dia do Legado Solidário: como você gostaria de ser lembrado?,https://exame.com/esg/dia-do-legado-solidario-como-voce-gostaria-de-ser-lembrado/,2026-09-16 00:57:54
Indígenas e comunidades brasileiras reivindicam lugar no debate climático,https://exame.com/esg/indigenas-e-comunidades-brasileiras-reivindicam-lugar-no-debate-climatico/,2026-09-16 00:57:54
"""Transição energética fracassará se não houver legitimidade social"", adverte o PNUD",https://exame.com/esg/transicao-energetica-fracassara-se-nao-houver-legitimidade-social-adverte-o-pnud/,2026-09-16 00:57:54
Carlos Nobre alerta que El Niño pode ser o mais forte em 100 anos,https://exame.com/esg/carlos-nobre-alerta-que-el-nino-pode-ser-o-mais-forte-em-100-anos/,2026-09-16 00:57:54
A taça de champanhe francesa vai ficar mais forte: por trás disso está o calor extremo,https://exame.com/esg/a-taca-de-champanhe-francesa-vai-ficar-mais-forte-por-tras-disso-esta-o-calor-extremo/,2026-09-16 00:57:54
Financiamento climático: o desafio de fazer o dinheiro chegar aos territórios,https://exame.com/esg/financiamento-climatico-o-desafio-de-fazer-o-dinheiro-chegar-aos-territorios/,2026-09-16 00:57:54
Potencial verde da América Latina encara desafios geopolíticos e El Niño,https://exame.com/esg/potencial-verde-da-america-latina-encara-desafios-geopoliticos-e-el-nino/,2026-09-16 00:57:54
Água: o ativo estratégico que definirá o futuro do Brasil,https://exame.com/esg/agua-o-ativo-estrategico-que-definira-o-futuro-do-brasil/,2026-09-16 00:57:54
Pesquisadores da UFMG usam inteligência artificial para detalhar mapas de biodiversidade,https://exame.com/esg/pesquisadores-da-ufmg-usam-inteligencia-artificial-para-detalhar-mapas-de-biodiversidade/,2026-09-16 00:57:54
"Análise: O limbo dos data centers, com incentivo aprovado, mas licenciamento em disputa",https://exame.com/esg/analise-o-limbo-dos-data-centers-com-incentivo-aprovado-mas-licenciamento-em-disputa/,2026-09-16 00:57:54
O Brasil na corrida global pela aviação de baixo carbono,https://exame.com/esg/o-brasil-na-corrida-global-pela-aviacao-de-baixo-carbono/,2026-09-16 00:57:54
Longevidade como ativo: Nestlé transforma bem-estar em impacto social,https://exame.com/esg/longevidade-como-ativo-nestle-transforma-bem-estar-em-impacto-social/,2026-09-16 00:57:54
El Niño aumenta pressão sobre água no Cerrado e coloca financiamento climático no centro,https://exame.com/esg/el-nino-aumenta-pressao-sobre-agua-no-cerrado-e-coloca-financiamento-climatico-no-centro/,2026-09-16 00:57:54
Animale amplia moda circular para todas as lojas após arrecadar 750 mil peças,https://exame.com/esg/animale-amplia-moda-circular-para-todas-as-lojas-apos-arrecadar-750-mil-pecas/,2026-09-16 00:57:54
Ambev cria instituto para ampliar rede de empresas em torno da inclusão produtiva,https://exame.com/esg/ambev-cria-instituto-para-ampliar-rede-de-empresas-em-torno-da-inclusao-produtiva/,2026-09-16 00:57:54
Super El Niño em 2026 coloca à prova a preparação do Brasil para eventos extremos,https://exame.com/esg/super-el-nino-em-2026-coloca-a-prova-a-preparacao-do-brasil-para-eventos-extremos/,2026-09-16 00:57:54
Eucatex incorpora risco climático à estratégia e investe R$ 410 milhões,https://exame.com/esg/eucatex-incorpora-risco-climatico-a-estrategia-e-investe-r-410-milhoes-em-expansao-florestal/,2026-09-16 00:57:54
Mondelēz amplia cabotagem e aposta em biometano para reduzir emissões no Brasil,https://exame.com/esg/mondelez-amplia-cabotagem-e-aposta-em-biometano-para-reduzir-emissoes-no-brasil/,2026-09-16 00:57:54
"Antes de colapsar, geleira do Nepal registrou o calor mais alto em 55 anos",https://exame.com/esg/antes-de-colapsar-geleira-do-nepal-registrou-o-calor-mais-alto-em-55-anos/,2026-09-16 00:57:54
Como evitar que o setor elétrico corra o risco de colapsar em dias de muito sol?,https://exame.com/esg/como-evitar-que-o-setor-eletrico-corra-o-risco-de-colapsar-em-dias-de-muito-sol/,2026-09-16 00:57:54
Seis estratégias para o Brasil manter a queda do desmatamento: 'Não podemos retroceder',https://exame.com/esg/seis-estrategias-para-o-brasil-manter-a-queda-do-desmatamento-nao-podemos-retroceder/,2026-09-16 00:57:54
"Biometano pode reduzir em até 75% emissões do transporte pesado, aponta estudo",https://exame.com/esg/biometano-pode-reduzir-em-ate-75-emissoes-do-transporte-pesado-aponta-estudo/,2026-09-16 00:57:54
"IA pode agregar US$ 600 bilhões por ano à economia do clima até 2028, revela BCG",https://exame.com/esg/ia-pode-agregar-us-600-bilhoes-por-ano-a-economia-do-clima-ate-2028-revela-bcg/,2026-09-16 00:57:54
Brastemp e Consul dão desconto para acelerar logística reversa de eletrodomésticos,https://exame.com/esg/brastemp-e-consul-dao-desconto-para-acelerar-logistica-reversa-de-eletrodomesticos/,2026-09-16 00:57:54
"Manaus, coração da maior reserva de água do mundo, corre risco de secar até 2040",https://exame.com/esg/manaus-coracao-da-maior-reserva-de-agua-do-mundo-pode-enfrentar-escassez-ate-2040/,2026-09-16 00:57:54
Calculadora de Rescisão Trabalhista,https://exame.com/invest/calculadoras/calculadora-rescisao/,2026-09-16 00:57:54
Calculadora de Juros Compostos,https://exame.com/invest/calculadoras/calculadora-juros-compostos/,2026-09-16 00:57:54
Simulador de Financiamento de Veículo,https://exame.com/invest/calculadoras/financiamento-veiculo/,2026-09-16 00:57:54
Veja como deixar sua marca na Exame,https://lps.exame.com/exame-brand-solutions?utm_source=organic&utm_medium=institucional&utm_campaign=projetos-especiais_publi_lead_n/a&utm_content=texto_footer-site-exame&utm_term=n/a_n/a,2026-09-16 00:57:54
Formulário de Solicitação de Licenciamento de Material,https://forms.clickup.com/43221529/f/1970gt-93171/REZ42SUWDV9JXF2U96,2026-09-16 00:57:54
